<application>
  <component name="CodotaSettings">
    <option name="methodCompletionsPercentageSet" value="true" />
    <option name="id" value="6e6c9a98-c0ee-47f0-9744-56d76f9b7080" />
    <option name="wasRunBefore" value="true" />
    <option name="firstRun" value="1564728793238" />
    <option name="generation" value="36" />
    <option name="updateGeneration" value="1" />
    <option name="isInJSBeta" value="YES" />
    <option name="isMethodCompletionsPercentageActive" value="true" />
    <option name="isMethodCompletionsPercentageSet" value="true" />
  </component>
</application>