<application>
  <component name="GeneralSettings">
    <option name="autoSaveIfInactive" value="true" />
    <option name="browserPath" value="C:\Program Files (x86)\Google\Chrome\Application\chrome.exe" />
    <option name="confirmExit" value="false" />
    <option name="confirmOpenNewProject2" value="0" />
    <option name="inactiveTimeout" value="10" />
    <option name="processCloseConfirmation" value="TERMINATE" />
    <option name="useDefaultBrowser" value="false" />
  </component>
  <component name="Registry">
    <entry key="compiler.automake.allow.when.app.running" value="true" />
    <entry key="ide.balloon.shadow.size" value="0" />
    <entry key="git.explicit.commit.renames.prohibit.multiple.calls" value="false" />
    <entry key="documentation.show.toolbar" value="true" />
    <entry key="SBT.system.in.process" value="true" />
    <entry key="BSP.system.in.process" value="true" />
    <entry key="ide.tree.ui.experimental" value="false" />
  </component>
</application>