<application>
  <component name="LanguageInjectionConfiguration">
    <injection language="JSON" injector-id="java">
      <display-name>CloudEcsController.getServer (com.huayun.highvoltage_cable.api.controller.ecs)</display-name>
      <place><![CDATA[psiMethod().withName("getServer").withParameters("java.lang.String", "HttpServletRequest", "HttpServletResponse").definedInClass("com.huayun.highvoltage_cable.api.controller.ecs.CloudEcsController")]]></place>
    </injection>
  </component>
</application>