<application>
  <component name="WebDeploymentTransportHostTargets">
    <option name="stateHostTargets">
      <list>
        <WebDeploymentTransportHostTarget>
          <option name="hostId" value="f61272db-9b0e-46a2-b5a5-60946a6ed65f" />
          <option name="target">
            <TransportTarget>
              <option name="id" value="918b5bb4-75ed-40bf-bdd6-c80c49e93988" />
              <id>918b5bb4-75ed-40bf-bdd6-c80c49e93988</id>
            </TransportTarget>
          </option>
          <option name="targetPath" value="" />
        </WebDeploymentTransportHostTarget>
        <WebDeploymentTransportHostTarget>
          <option name="hostId" value="f61272db-9b0e-46a2-b5a5-60946a6ed65f" />
          <option name="target">
            <TransportTarget>
              <option name="id" value="a0047db9-537e-46b4-9f51-b59e4bf139bf" />
              <id>a0047db9-537e-46b4-9f51-b59e4bf139bf</id>
            </TransportTarget>
          </option>
          <option name="targetPath" value="/apache-tomcat-test/webapps" />
        </WebDeploymentTransportHostTarget>
      </list>
    </option>
  </component>
</application>