<application>
  <component name="AppStorage">
    <histories>
      <item value="queue Capacity" />
      <item value="Enable auto-configuration of the Spring Application Context, attempting to guess and * configure beans that you are likely to need. Auto-configuration classes are usually * applied based on your classpath and what beans you have defined. For example, if you * have {@code tomcat-embedded.jar} on your classpath you are likely to want a * {@link TomcatServletWebServerFactory} (unless you have defined your own * {@link ServletWebServerFactory} bean). * &lt;p&gt; * When using {@link SpringBootApplication @SpringBootApplication}, the auto-configuration * of the context is automatically enabled and adding this annotation has therefore no * additional effect. * &lt;p&gt; * Auto-configuration tries to be as intelligent as possible and will back-away as you * define more of your own configuration. You can always manually {@link #exclude()} any * configuration that you never want to apply (use {@link #excludeName()} if you don't * have access to them). You can also exclude them via the * {@code spring.autoconfigure.exclude} property. Auto-configuration is always applied * after user-defined beans have been registered. * &lt;p&gt; * The package of the class that is annotated with {@code @EnableAutoConfiguration}, * usually via {@code @SpringBootApplication}, has specific significance and is often used * as a 'default'. For example, it will be used when scanning for {@code @Entity} classes. * It is generally recommended that you place {@code @EnableAutoConfiguration} (if you're * not using {@code @SpringBootApplication}) in a root package so that all sub-packages * and classes can be searched. * &lt;p&gt; * Auto-configuration classes are regular Spring {@link Configuration @Configuration} * beans. They are located using the {@link SpringFactoriesLoader} mechanism (keyed * against this class). Generally auto-configuration beans are * {@link Conditional @Conditional} beans (most often using * {@link ConditionalOnClass @ConditionalOnClass} and * {@link ConditionalOnMissingBean @ConditionalOnMissingBean} annotations)." />
      <item value="whether to create a multipart message that * supports alternative texts, inline elements and attachments * (corresponds to MULTIPART_MODE_MIXED_RELATED)" />
      <item value="MALFORMED" />
      <item value="You have to specify '-keep' options if you want to write out kept elements with '-printseeds'." />
      <item value="Failed to execute goal com.github.wvengen:proguard-maven-plugin:2.2.0:proguard (default-cli) on project nb-ai-video-system: Obfuscation failed (result=1) -&gt; [Help 1]" />
      <item value="Unsupported class version number [52.0] (maximum 51.0, Java 1.7))" />
      <item value="Obfuscation" />
      <item value="Unsatisfied dependency expressed through constructor parameter 0; nested exception is org.springframework.beans.factory.BeanCreationException: Error creating bean with name 'dataSource' defined in class path resource" />
      <item value="attempt" />
      <item value="* Configures component scanning directives for use with @{@link Configuration} classes. * Provides support parallel with Spring XML's {@code &lt;context:component-scan&gt;} element. * * &lt;p&gt;Either {@link #basePackageClasses} or {@link #basePackages} (or its alias * {@link #value}) may be specified to define specific packages to scan. If specific * packages are not defined, scanning will occur from the package of the * class that declares this annotation. * * &lt;p&gt;Note that the {@code &lt;context:component-scan&gt;} element has an * {@code annotation-config} attribute; however, this annotation does not. This is because * in almost all cases when using {@code @ComponentScan}, default annotation config * processing (e.g. processing {@code @Autowired} and friends) is assumed. Furthermore, * when using {@link AnnotationConfigApplicationContext}, annotation config processors are * always registered, meaning that any attempt to disable them at the * {@code @ComponentScan} level would be ignored. * * &lt;p&gt;See {@link Configuration @Configuration}'s Javadoc for usage examples. *" />
      <item value="Filter candidates using a given custom" />
      <item value="* * Returns &lt;tt&gt;true&lt;/tt&gt; if this list contains the specified element. * More formally, returns &lt;tt&gt;true&lt;/tt&gt; if and only if this list contains * at least one element &lt;tt&gt;e&lt;/tt&gt; such that * &lt;tt&gt;(o==null&amp;nbsp;?&amp;nbsp;e==null&amp;nbsp;:&amp;nbsp;o.equals(e))&lt;/tt&gt;. * * @param o element whose presence in this list is to be tested * @return &lt;tt&gt;true&lt;/tt&gt; if this list contains the specified element * @throws ClassCastException if the type of the specified element * is incompatible with this list * (&lt;a href=&quot;Collection.html#optional-restrictions&quot;&gt;optional&lt;/a&gt;) * @throws NullPointerException if the specified element is null and this * list does not permit null elements * (&lt;a href=&quot;Collection.html#optional-restrictions&quot;&gt;optional&lt;/a&gt;) */" />
      <item value="Executor Exception" />
      <item value="Statement returned more than one row, where no more than one was expected." />
      <item value="nested exception is org.apache.ibatis.executor.ExecutorException: Statement returned more than one row, where no more than one was expected." />
      <item value="check is first level of li child and minimal mode siable" />
      <item value="violation" />
      <item value="Decryption" />
      <item value="modulus" />
      <item value="Message is larger than modulus" />
      <item value="Bad Padding Exception" />
      <item value="save Alarm Basis Python Answer" />
      <item value="fluent Remove" />
      <item value="start Check Illegal Parking Area Monitor" />
      <item value="start Illegal Parking Area Monitor" />
      <item value="start Check Video Signal And Quality" />
      <item value="The value of attribute &quot;test&quot; associated with an element type &quot;when&quot; must not contain the '&lt;' character." />
      <item value="illegal Parking" />
      <item value="rubberband" />
      <item value="rubber" />
      <item value="rubberband Rect" />
      <item value="Mute" />
      <item value="drill" />
      <item value="drill Down Icon" />
      <item value="collapse" />
      <item value="responsive" />
      <item value="collapseable" />
      <item value="expandable" />
      <item value="Please specify a Python SDK" />
      <item value="org.apache.commons.lang.StringEscapeUtils @Contract(&quot;null-&gt;null&quot;) public static String escapeJava(@Nullable String str) Escapes the characters in a String using Java String rules. Deals correctly with quotes and control-chars (tab, backslash, cr, ff, etc.) So a tab becomes the characters '\\' and 't'. The only difference between Java strings and JavaScript strings is that in JavaScript, a single quote must be escaped. Example: input string: He didn't say, &quot;Stop!&quot; output string: He didn't say, \&quot;Stop!\&quot; Params: str – String to escape values in, may be null Returns: String with escaped values, null if null string input Inferred annotations: Method escapeJava: @org.jetbrains.annotations.Contract(&quot;null-&gt;null&quot;) Parameter str: @org.jetbrains.annotations.Nullable" />
      <item value="org.apache.commons.lang.StringEscapeUtils @Contract(&quot;null-&gt;null&quot;) public static String escapeJava(@Nullable String str)&#10;Escapes the characters in a String using Java String rules.&#10;Deals correctly with quotes and control-chars (tab, backslash, cr, ff, etc.)&#10;So a tab becomes the characters '\\' and 't'.&#10;The only difference between Java strings and JavaScript strings is that in JavaScript, a single quote must be escaped.&#10;Example: input string: He didn't say, &quot;Stop!&quot; output string: He didn't say, \&quot;Stop!\&quot; Params:&#10;str – String to escape values in, may be null&#10;Returns:&#10;String with escaped values, null if null string input&#10;Inferred annotations:&#10;Method escapeJava: @org.jetbrains.annotations.Contract(&quot;null-&gt;null&quot;)&#10;Parameter str: @org.jetbrains.annotations.Nullable" />
      <item value="The import statement import_stmt ::= &quot;import&quot; module [&quot;as&quot; name] ( &quot;,&quot; module [&quot;as&quot; name] )* | &quot;from&quot; relative_module &quot;import&quot; identifier [&quot;as&quot; name] ( &quot;,&quot; identifier [&quot;as&quot; name] )* | &quot;from&quot; relative_module &quot;import&quot; &quot;(&quot; identifier [&quot;as&quot; name] ( &quot;,&quot; identifier [&quot;as&quot; name] )* [&quot;,&quot;] &quot;)&quot; | &quot;from&quot; module &quot;import&quot; &quot;*&quot; module ::= (identifier &quot;.&quot;)* identifier relative_module ::= &quot;.&quot;* module | &quot;.&quot;+ name ::= identifier The basic import statement (no from clause) is executed in two steps: find a module, loading and initializing it if necessary define a name or names in the local namespace for the scope where the import statement occurs. When the statement contains multiple clauses (separated by commas) the two steps are carried out separately for each clause, just as though the clauses had been separated out into individiual import statements. The details of the first step, finding and loading modules are described in greater detail in the section on the import system, which also describes the various types of packages and modules that can be imported, as well as all the hooks that can be used to customize the import system. Note that failures in this step may indicate either that the module could not be located, or that an error occurred while initializing the module, which includes execution of the module’s code. If the requested module is retrieved successfully, it will be made available in the local namespace in one of three ways: If the module name is followed by as, then the name following as is bound directly to the imported module. If no other name is specified, and the module being imported is a top level module, the module’s name is bound in the local namespace as a reference to the imported module If the module being imported is not a top level module, then the name of the top level package that contains the module is bound in the local namespace as a reference to the top level package. The imported module must be accessed using its full qualified name rather than directly The from form uses a slightly more complex process: find the module specified in the from clause, loading and initializing it if necessary; for each of the identifiers specified in the import clauses: check if the imported module has an attribute by that name if not, attempt to import a submodule with that name and then check the imported module again for that attribute if the attribute is not found, ImportError is raised. otherwise, a reference to that value is stored in the local namespace, using the name in the as clause if it is present, otherwise using the attribute name Examples: import foo # foo imported and bound locally import foo.bar.baz # foo.bar.baz imported, foo bound locally import foo.bar.baz as fbb # foo.bar.baz imported and bound as fbb from foo.bar import baz # foo.bar.baz imported and bound as baz from foo import attr # foo imported and foo.attr bound as attr If the list of identifiers is replaced by a star ('*'), all public names defined in the module are bound in the local namespace for the scope where the import statement occurs. The public names defined by a module are determined by checking the module’s namespace for a variable named __all__; if defined, it must be a sequence of strings which are names defined or imported by that module. The names given in __all__ are all considered public and are required to exist. If __all__ is not defined, the set of public names includes all names found in the module’s namespace which do not begin with an underscore character ('_'). __all__ should contain the entire public API. It is intended to avoid accidentally exporting items that are not part of the API (such as library modules which were imported and used within the module). The wild card form of import — from module import * — is only allowed at the module level. Attempting to use it in class or function definitions will raise a SyntaxError. When specifying what module to import you do not have to specify the absolute name of the module. When a module or package is contained within another package it is possible to make a relative import within the same top package without having to mention the package name. By using leading dots in the specified module or package after from you can specify how high to traverse up the current package hierarchy without specifying exact names. One leading dot means the current package where the module making the import exists. Two dots means up one package level. Three dots is up two levels, etc. So if you execute from . import mod from a module in the pkg package then you will end up importing pkg.mod. If you execute from ..subpkg2 import mod from within pkg.subpkg1 you will import pkg.subpkg2.mod. The specification for relative imports is contained within PEP 328. importlib.import_module() is provided to support applications that determine dynamically the modules to be loaded." />
      <item value="The import statement&#10;import_stmt ::= &quot;import&quot; module [&quot;as&quot; name] ( &quot;,&quot; module [&quot;as&quot; name] )* | &quot;from&quot; relative_module &quot;import&quot; identifier [&quot;as&quot; name] ( &quot;,&quot; identifier [&quot;as&quot; name] )* | &quot;from&quot; relative_module &quot;import&quot; &quot;(&quot; identifier [&quot;as&quot; name] ( &quot;,&quot; identifier [&quot;as&quot; name] )* [&quot;,&quot;] &quot;)&quot; | &quot;from&quot; module &quot;import&quot; &quot;*&quot;&#10;module ::= (identifier &quot;.&quot;)* identifier&#10;relative_module ::= &quot;.&quot;* module | &quot;.&quot;+&#10;name ::= identifier The basic import statement (no from clause) is executed in two steps:&#10;find a module, loading and initializing it if necessary&#10;define a name or names in the local namespace for the scope where the import statement occurs.&#10;When the statement contains multiple clauses (separated by commas) the two steps are carried out separately for each clause, just as though the clauses had been separated out into individiual import statements.&#10;The details of the first step, finding and loading modules are described in greater detail in the section on the import system, which also describes the various types of packages and modules that can be imported, as well as all the hooks that can be used to customize the import system. Note that failures in this step may indicate either that the module could not be located, or that an error occurred while initializing the module, which includes execution of the module’s code.&#10;If the requested module is retrieved successfully, it will be made available in the local namespace in one of three ways:&#10;If the module name is followed by as, then the name following as is bound directly to the imported module.&#10;If no other name is specified, and the module being imported is a top level module, the module’s name is bound in the local namespace as a reference to the imported module&#10;If the module being imported is not a top level module, then the name of the top level package that contains the module is bound in the local namespace as a reference to the top level package. The imported module must be accessed using its full qualified name rather than directly&#10;The from form uses a slightly more complex process:&#10;find the module specified in the from clause, loading and initializing it if necessary;&#10;for each of the identifiers specified in the import clauses:&#10;check if the imported module has an attribute by that name&#10;if not, attempt to import a submodule with that name and then check the imported module again for that attribute&#10;if the attribute is not found, ImportError is raised.&#10;otherwise, a reference to that value is stored in the local namespace, using the name in the as clause if it is present, otherwise using the attribute name&#10;Examples:&#10;import foo # foo imported and bound locally&#10;import foo.bar.baz # foo.bar.baz imported, foo bound locally&#10;import foo.bar.baz as fbb # foo.bar.baz imported and bound as fbb&#10;from foo.bar import baz # foo.bar.baz imported and bound as baz&#10;from foo import attr # foo imported and foo.attr bound as attr If the list of identifiers is replaced by a star ('*'), all public names defined in the module are bound in the local namespace for the scope where the import statement occurs.&#10;The public names defined by a module are determined by checking the module’s namespace for a variable named __all__; if defined, it must be a sequence of strings which are names defined or imported by that module. The names given in __all__ are all considered public and are required to exist. If __all__ is not defined, the set of public names includes all names found in the module’s namespace which do not begin with an underscore character ('_'). __all__ should contain the entire public API. It is intended to avoid accidentally exporting items that are not part of the API (such as library modules which were imported and used within the module).&#10;The wild card form of import — from module import * — is only allowed at the module level. Attempting to use it in class or function definitions will raise a SyntaxError.&#10;When specifying what module to import you do not have to specify the absolute name of the module. When a module or package is contained within another package it is possible to make a relative import within the same top package without having to mention the package name. By using leading dots in the specified module or package after from you can specify how high to traverse up the current package hierarchy without specifying exact names. One leading dot means the current package where the module making the import exists. Two dots means up one package level. Three dots is up two levels, etc. So if you execute from . import mod from a module in the pkg package then you will end up importing pkg.mod. If you execute from ..subpkg2 import mod from within pkg.subpkg1 you will import pkg.subpkg2.mod. The specification for relative imports is contained within PEP 328.&#10;importlib.import_module() is provided to support applications that determine dynamically the modules to be loaded." />
      <item value="Scientific mode is a tool window layout optimized for data science work." />
      <item value="Would you like to turn scientific mode on" />
      <item value="-DefaultException Handler---Host 0:0:0:0:0:0:0:1 invokes url http://localhost:8080/nb_ai_video_system_war_exploded/config/queryTree ERROR: Optional int parameter 'type' is present but cannot be translated into a null value due to being declared as a primitive type. Consider declaring it as object wrapper for the corresponding primitive type. at org.springframework.web.method.annotation.AbstractNamedValueMethodArgumentResolver.handleNullValue(AbstractNamedValueMethodArgumentResolver.java:245) at org.springframework.web.method.annotation.AbstractNamedValueMethodArgumentResolver.resolveArgument(AbstractNamedValueMethodArgumentResolver.java:115) at org.springframework.web.method.support.HandlerMethodArgumentResolverComposite.resolveArgument(HandlerMethodArgumentResolverComposite.java:127) at org.springframework.web.method.support.InvocableHandlerMethod.getMethodArgumentValues(InvocableHandlerMethod.java:167) at org.springframework.web.method.support.InvocableHandlerMethod.invokeForRequest(InvocableHandlerMethod.java:134) at org.springframework.web.servlet.mvc.method.annotation.ServletInvocableHandlerMethod.invokeAndHandle(ServletInvocableHandlerMethod.java:104) at org.springframework.web.servlet.mvc.method.annotation.RequestMappingHandlerAdapter.invokeHandlerMethod(RequestMappingHandlerAdapter.java:892) at org.springframework.web.servlet.mvc.method.annotation.RequestMappingHandlerAdapter.handleInternal(RequestMappingHandlerAdapter.java:797) at org.springframework.web.servlet.mvc.method.AbstractHandlerMethodAdapter.handle(AbstractHandlerMethodAdapter.java:87) at org.springframework.web.servlet.DispatcherServlet.doDispatch(DispatcherServlet.java:1039) at org.springframework.web.servlet.DispatcherServlet.doService(DispatcherServlet.java:942) at org.springframework.web.servlet.FrameworkServlet.processRequest(FrameworkServlet.java:1005) at org.springframework.web.servlet.FrameworkServlet.doGet(FrameworkServlet.java:897)" />
      <item value="Incorrect integer value: '' for column 'camera_id' at row 1; nested exception is java.sql.SQLException: Incorrect integer value: '' for column 'camera_id' at row 1" />
      <item value="Data truncated for column 'channel_no' at row 1" />
      <item value="FreeMarker template error:&#10;For &quot;${...}&quot; content: Expected a string or something automatically convertible to string (number, date or boolean), or &quot;template output&quot; , but this has evaluated to a sequence+extended_hash (cn.com.klec.video.model.config.ServerCameraConnectionModel[] wrapped into f.e.b.ArrayModel):&#10;==&gt; (data.connMdArray)!&quot;&quot; [in template &quot;config/editCamera.html&quot; at line 95, column 24] ----&#10;FTL stack trace (&quot;~&quot; means nesting-related): - Failed at: ${(data.connMdArray)!&quot;&quot;} [in template &quot;config/editCamera.html&quot; at line 95, column 22]&#10;---- Java stack trace (for programmers):&#10;----&#10;freemarker.core.NonStringOrTemplateOutputException: [... Exception message was already printed; see it above ...]" />
    </histories>
    <option name="languageScores">
      <map>
        <entry key="CHINESE" value="137" />
        <entry key="ENGLISH" value="138" />
        <entry key="CHINESE_TRADITIONAL" value="3" />
        <entry key="DANISH" value="1" />
        <entry key="CATALAN" value="1" />
        <entry key="SPANISH" value="1" />
        <entry key="ITALIAN" value="1" />
        <entry key="INDONESIAN" value="4" />
      </map>
    </option>
  </component>
  <component name="Settings">
    <option name="ignoreRegExp" value="" />
  </component>
</application>