<keymap version="1" name="Default copy" parent="$default">
  <action id="ByteCodeDecompiler">
    <keyboard-shortcut first-keystroke="shift ctrl s" />
  </action>
  <action id="CodeCompletion">
    <keyboard-shortcut first-keystroke="ctrl space" />
    <keyboard-shortcut first-keystroke="alt slash" />
  </action>
  <action id="HippieCompletion" />
  <action id="JRebel Debug">
    <keyboard-shortcut first-keystroke="ctrl alt r" />
  </action>
  <action id="MoveEditorToOppositeTabGroup">
    <keyboard-shortcut first-keystroke="shift alt equals" />
  </action>
  <action id="MoveTabDown">
    <keyboard-shortcut first-keystroke="alt minus" />
  </action>
  <action id="MoveTabRight">
    <keyboard-shortcut first-keystroke="alt equals" />
  </action>
  <action id="RevealIn">
    <keyboard-shortcut first-keystroke="shift ctrl q" />
  </action>
  <action id="Scala.ShowImplicits">
    <keyboard-shortcut first-keystroke="shift ctrl alt equals" />
    <keyboard-shortcut first-keystroke="shift ctrl alt add" />
  </action>
  <action id="ShowRecentTests" />
  <action id="TogglePresentationMode">
    <keyboard-shortcut first-keystroke="shift ctrl alt z" />
  </action>
  <action id="Vcs.ShowTabbedFileHistory">
    <keyboard-shortcut first-keystroke="ctrl alt w" />
  </action>
  <action id="WebDeployment.BrowseServers">
    <keyboard-shortcut first-keystroke="shift ctrl alt q" />
  </action>
  <action id="com.jetbrains.plugins.remotesdk.console.RunSshConsoleAction">
    <keyboard-shortcut first-keystroke="ctrl alt q" />
  </action>
</keymap>